1673058427,0,0,0,0.00,0,0,0,0
1673058428,8,1,8,312.00,0,8,1,0
1673058429,8,1,2088,312.66,1266,822,261,0
1673058430,8,1,2096,311.55,1274,822,262,0
1673058431,8,1,2096,312.96,1305,791,262,0
1673058432,8,1,2096,311.98,1254,842,262,0
1673058433,8,1,2088,312.23,1246,842,261,0
1673058434,8,1,2096,312.43,1298,798,262,0
1673058435,8,1,2096,311.65,1281,815,262,0
1673058436,8,1,2096,312.00,1271,825,262,0
1673058437,8,1,2096,311.93,1232,864,262,0
1673058438,8,1,2096,311.48,1310,786,262,0
1673058439,8,1,2096,312.06,1270,826,262,0
1673058440,8,1,2096,311.81,1269,827,262,0
1673058441,8,1,2096,311.77,1258,838,262,0
1673058442,8,1,2096,312.00,1274,822,262,0
1673058443,8,1,2096,312.36,1288,808,262,0
1673058444,8,1,2096,312.32,1304,792,262,0
1673058445,8,1,2088,311.34,1250,838,261,0
1673058446,8,1,2096,311.52,1257,839,262,0
1673058447,8,1,2096,312.00,1307,789,262,0
1673058448,8,1,2096,311.35,1284,812,262,0
1673058449,8,1,2096,311.79,1278,818,262,0
1673058450,8,1,2096,312.00,1238,858,262,0
1673058451,8,1,2096,312.16,1306,790,262,0
1673058452,8,1,2096,312.65,1285,811,262,0
1673058453,8,1,2096,312.00,1281,815,262,0
1673058454,8,1,2088,311.49,1250,838,261,0
1673058455,8,1,2104,312.00,1293,811,263,0
1673058456,8,1,2088,311.55,1284,804,261,0
1673058457,8,1,2096,311.51,1309,787,262,0
1673058458,8,1,2096,311.48,1264,832,262,0
1673058459,8,1,2088,310.62,1232,856,261,0
1673058460,8,1,2096,312.79,1310,786,262,0
1673058461,8,1,2096,311.61,1292,804,262,0
1673058462,8,1,2096,312.89,1285,811,262,0
1673058463,8,1,2088,311.78,1256,832,261,0
1673058464,8,1,2096,312.20,1295,801,262,0
1673058465,8,1,2096,312.44,1289,807,262,0
1673058466,8,1,2096,311.69,1304,792,262,0
1673058467,8,1,2096,311.88,1265,831,262,0
1673058468,8,1,2096,312.52,1291,805,262,0
1673058469,8,1,2096,311.46,1302,794,262,0
1673058470,8,1,2096,312.56,1317,779,262,0
1673058471,8,1,2088,310.92,1273,815,261,0
1673058472,8,1,2104,310.00,1252,852,263,0
1673058473,8,1,2088,310.23,1314,774,261,0
1673058474,8,1,2104,312.83,1309,795,263,0
1673058475,8,1,2088,312.29,1294,794,261,0
1673058476,8,1,2096,311.97,1272,824,262,0
1673058477,8,1,2096,312.70,1313,783,262,0
1673058478,8,1,2096,311.99,1298,798,262,0
1673058479,8,1,2088,312.16,1312,776,261,0
1673058480,8,1,2104,311.67,1274,830,263,0
1673058481,8,1,2104,312.00,1289,815,263,0
1673058482,8,1,2088,312.45,1301,787,261,0
1673058483,8,1,2096,311.59,1317,779,262,0
1673058484,8,1,2096,311.66,1279,817,262,0
1673058485,8,1,2104,311.91,1257,847,263,0
1673058486,8,1,2088,311.85,1307,781,261,0
1673058487,8,1,2096,312.28,1301,795,262,0
1673058488,8,1,2096,311.80,1295,801,262,0
1673058489,8,1,2096,312.13,1262,834,262,0
1673058490,8,1,2096,311.93,1311,785,262,0
1673058491,8,1,2088,311.97,1287,801,261,0
1673058492,8,1,2104,312.00,1315,789,263,0
1673058493,8,1,2096,312.00,1267,829,262,0
1673058494,8,1,2096,311.66,1294,802,262,0
1673058495,8,1,2088,312.59,1300,788,261,0
1673058496,8,1,2088,311.73,1308,780,261,0
1673058497,8,1,2104,312.37,1286,818,263,0
1673058498,8,1,2096,311.42,1260,836,262,0
1673058499,8,1,2088,311.39,1318,770,261,0
1673058500,8,1,2096,312.00,1298,798,262,0
1673058501,8,1,2096,311.81,1291,805,262,0
1673058502,8,1,2096,311.82,1263,833,262,0
1673058503,8,1,2096,311.43,1306,790,262,0
1673058504,8,1,2096,312.00,1307,789,262,0
1673058505,8,1,2096,311.95,1308,788,262,0
1673058506,8,1,2096,311.65,1269,827,262,0
1673058507,8,1,2096,311.74,1280,816,262,0
1673058508,8,1,2088,311.14,1317,771,261,0
1673058509,8,1,2104,311.10,1320,784,263,0
1673058510,8,1,2088,312.69,1277,811,261,0
1673058511,8,1,2104,311.65,1267,837,263,0
1673058512,8,1,2088,313.05,1320,768,261,0
1673058513,8,1,2088,312.00,1295,793,261,0
1673058514,8,1,2096,311.00,1300,796,262,0
1673058515,8,1,2096,311.27,1271,825,262,0
1673058516,8,1,2096,313.31,1309,787,262,0
1673058517,8,1,2096,312.01,1301,795,262,0
1673058518,8,1,2088,310.69,1329,759,261,0
1673058519,8,1,2096,311.60,1278,818,262,0
1673058520,8,1,2096,312.08,1274,822,262,0
1673058521,8,1,2096,311.49,1324,772,262,0
1673058522,8,1,2088,312.10,1308,780,261,0
1673058523,8,1,2104,312.62,1300,804,263,0
1673058524,8,1,2088,309.65,1269,819,261,0
1673058525,8,1,2096,308.49,1296,800,262,0
1673058526,8,1,2096,311.00,1313,783,262,0
1673058527,8,1,2096,311.04,1322,774,262,0
1673058528,8,1,2096,309.03,1304,792,262,0
1673058529,8,1,2088,314.24,1268,820,261,0
1673058530,8,1,2096,313.00,1337,759,262,0
1673058531,8,1,2088,312.86,1301,787,261,0
1673058532,8,1,2096,312.46,1310,786,262,0
1673058533,8,1,2096,315.22,1278,818,262,0
1673058534,8,1,2096,311.48,1334,762,262,0
1673058535,8,1,2088,310.63,1302,786,261,0
1673058536,8,1,2096,312.71,1325,771,262,0
1673058537,8,1,2096,313.00,1276,820,262,0
1673058538,8,1,2096,311.53,1315,781,262,0
1673058539,8,1,2096,312.29,1333,763,262,0
1673058540,8,1,2096,310.68,1338,758,262,0
1673058541,8,1,2096,312.32,1292,804,262,0
1673058542,8,1,2096,312.15,1288,808,262,0
1673058543,8,1,2096,312.00,1332,764,262,0
1673058544,8,1,2088,312.53,1306,782,261,0
1673058545,8,1,2096,311.14,1316,780,262,0
1673058546,8,1,2088,313.75,1263,825,261,0
1673058547,8,1,2096,309.37,1331,765,262,0
1673058548,8,1,2096,310.03,1318,778,262,0
1673058549,8,1,2104,312.73,1331,773,263,0
1673058550,8,1,2088,312.31,1289,799,261,0
1673058551,8,1,2096,312.43,1312,784,262,0
1673058552,8,1,2088,312.20,1324,764,261,0
1673058553,8,1,2096,311.76,1326,770,262,0
1673058554,8,1,2088,311.84,1308,780,261,0
1673058555,8,1,2104,309.77,1291,813,263,0
1673058556,8,1,2088,313.34,1336,752,261,0
1673058557,8,1,2096,313.27,1329,767,262,0
1673058558,8,1,2096,309.46,1324,772,262,0
1673058559,8,1,2096,311.82,1293,803,262,0
1673058560,8,1,2096,312.00,1317,779,262,0
1673058561,8,1,2096,312.78,1330,766,262,0
1673058562,8,1,2096,312.04,1334,762,262,0
1673058563,8,1,2088,312.33,1299,789,261,0
1673058564,8,1,2096,310.72,1301,795,262,0
1673058565,8,1,2096,312.00,1343,753,262,0
1673058566,8,1,2096,312.63,1330,766,262,0
1673058567,8,1,2088,311.50,1314,774,261,0
1673058568,8,1,2096,311.63,1285,811,262,0
1673058569,8,1,2096,312.10,1341,755,262,0
1673058570,8,1,2096,310.66,1312,784,262,0
1673058571,8,1,2096,311.06,1332,764,262,0
1673058572,8,1,2104,313.66,1293,811,263,0
1673058573,8,1,2096,311.94,1327,769,262,0
1673058574,8,1,2096,310.69,1327,769,262,0
1673058575,8,1,2088,312.00,1341,747,261,0
1673058576,8,1,2096,311.96,1310,786,262,0
1673058577,8,1,2088,312.17,1282,806,261,0
1673058578,8,1,2096,312.54,1349,747,262,0
1673058579,8,1,2104,311.67,1334,770,263,0
1673058580,8,1,2088,311.78,1311,777,261,0
1673058581,8,1,2096,312.00,1287,809,262,0
1673058582,8,1,2096,312.00,1357,739,262,0
1673058583,8,1,2096,311.24,1327,769,262,0
1673058584,8,1,2096,312.33,1336,760,262,0
1673058585,8,1,2088,312.26,1295,793,261,0
1673058586,8,1,2096,312.00,1317,779,262,0
1673058587,8,1,2096,312.00,1332,764,262,0
1673058588,8,1,2096,311.99,1349,747,262,0
1673058589,8,1,2096,310.88,1318,778,262,0
1673058590,8,1,2096,310.42,1289,807,262,0
1673058591,8,1,2088,312.16,1351,737,261,0
1673058592,8,1,2096,312.06,1330,766,262,0
1673058593,8,1,2096,312.41,1312,784,262,0
1673058594,8,1,2096,312.00,1295,801,262,0
1673058595,8,1,2088,312.00,1328,760,261,0
1673058596,8,1,2096,311.90,1335,761,262,0
1673058597,8,1,2096,307.03,1337,759,262,0
1673058598,8,1,2088,302.21,1333,755,261,0
1673058599,8,1,2096,311.88,1302,794,262,0
1673058600,8,1,2096,313.44,1301,795,262,0
1673058601,8,1,2096,314.00,1348,748,262,0
1673058602,8,1,2096,314.00,1346,750,262,0
1673058603,8,1,2088,313.75,1287,801,261,0
1673058604,8,1,2104,312.81,1323,781,263,0
1673058605,8,1,2096,312.00,1331,765,262,0
1673058606,8,1,2088,312.92,1344,744,261,0
1673058607,8,1,2096,312.31,1304,792,262,0
1673058608,8,1,2104,312.55,1310,794,263,0
1673058609,8,1,2088,312.43,1334,754,261,0
1673058610,8,1,2096,311.95,1352,744,262,0
1673058611,8,1,2096,312.11,1328,768,262,0
1673058612,8,1,2096,312.00,1306,790,262,0
1673058613,8,1,2096,312.02,1348,748,262,0
1673058614,8,1,2096,312.92,1338,758,262,0
1673058615,8,1,2104,312.00,1340,764,263,0
1673058616,8,1,2096,312.00,1280,816,262,0
1673058617,8,1,2096,311.37,1354,742,262,0
1673058618,8,1,2096,312.00,1330,766,262,0
1673058619,8,1,2096,312.00,1319,777,262,0
1673058620,8,1,2096,312.00,1296,800,262,0
1673058621,8,1,2088,311.28,1327,761,261,0
1673058622,8,1,2096,312.00,1336,760,262,0
1673058623,8,1,2104,311.50,1356,748,263,0
1673058624,8,1,2096,312.00,1300,796,262,0
1673058625,8,1,2096,312.00,1306,790,262,0
1673058626,8,1,2096,311.24,1296,800,262,0
1673058627,8,1,2096,311.00,1347,749,262,0
1673058628,8,1,2096,311.09,1316,780,262,0
1673058629,8,1,2096,311.66,1283,813,262,0
1673058630,8,1,2088,309.24,1335,753,261,0
1673058631,8,1,2096,310.67,1349,747,262,0
1673058632,8,1,2096,312.55,1346,750,262,0
1673058633,8,1,2088,311.91,1302,786,261,0
1673058634,8,1,2096,312.80,1293,803,262,0
1673058635,8,1,2096,312.15,1353,743,262,0
1673058636,8,1,2096,312.14,1338,758,262,0
1673058637,8,1,2088,312.27,1317,771,261,0
1673058638,8,1,2096,312.76,1285,811,262,0
1673058639,8,1,2096,312.04,1349,747,262,0
1673058640,8,1,2096,311.84,1338,758,262,0
1673058641,8,1,2088,312.00,1321,767,261,0
1673058642,8,1,2096,312.00,1302,794,262,0
1673058643,8,1,2096,312.00,1333,763,262,0
1673058644,8,1,2096,312.00,1324,772,262,0
1673058645,8,1,2096,312.00,1350,746,262,0
1673058646,8,1,2088,311.15,1300,788,261,0
1673058647,8,1,2104,312.00,1294,810,263,0
1673058649,8,1,2096,312.17,1349,747,262,0
1673058650,8,1,2096,312.57,1341,755,262,0
1673058651,8,1,2088,311.52,1312,776,261,0
1673058652,8,1,2096,311.71,1285,811,262,0
1673058653,8,1,2096,311.20,1356,740,262,0
1673058654,8,1,2096,312.33,1330,766,262,0
1673058655,8,1,2088,307.97,1339,749,261,0
1673058656,8,1,2104,310.34,1309,795,263,0
1673058657,8,1,2088,313.69,1303,785,261,0
1673058658,8,1,2096,312.85,1343,753,262,0
1673058659,8,1,2104,312.77,1349,755,263,0
1673058660,8,1,2096,312.00,1314,782,262,0
1673058661,8,1,2088,312.56,1284,804,261,0
1673058662,8,1,2104,312.05,1357,747,263,0
1673058663,8,1,2088,312.00,1337,751,261,0
1673058664,8,1,2096,312.00,1320,776,262,0
1673058665,8,1,2088,311.63,1289,799,261,0
1673058666,8,1,2104,311.47,1349,755,263,0
1673058667,8,1,2088,311.88,1319,769,261,0
1673058668,8,1,2088,312.00,1330,758,261,0
1673058669,8,1,2104,312.61,1300,804,263,0
1673058670,8,1,2088,312.66,1317,771,261,0
1673058671,8,1,2080,310.60,1325,755,260,0
1673058672,8,1,2168,308.42,1365,803,271,0
1673058673,8,1,2072,311.92,1295,777,259,0
1673058674,8,1,2112,312.43,1312,800,264,0
1673058675,8,1,2096,313.00,1357,739,262,0
1673058676,8,1,2088,313.00,1346,742,261,0
1673058677,8,1,2096,312.35,1305,791,262,0
1673058678,8,1,2096,312.00,1307,789,262,0
1673058679,8,1,2096,311.66,1341,755,262,0
1673058680,8,1,2088,311.96,1318,770,261,0
1673058681,8,1,2104,312.00,1328,776,263,0
1673058682,8,1,2088,312.19,1278,810,261,0
1673058683,8,1,2096,311.34,1341,755,262,0
1673058684,8,1,2096,312.00,1334,762,262,0
1673058685,8,1,2096,311.97,1329,767,262,0
1673058686,8,1,2096,311.66,1291,805,262,0
1673058687,8,1,2096,312.00,1318,778,262,0
1673058688,8,1,2096,312.38,1333,763,262,0
1673058689,8,1,2088,312.08,1332,756,261,0
1673058690,8,1,2096,312.00,1310,786,262,0
1673058691,8,1,2096,312.00,1296,800,262,0
1673058692,8,1,2096,311.85,1338,758,262,0
1673058693,8,1,2096,312.00,1344,752,262,0
1673058694,8,1,2088,311.51,1315,773,261,0
1673058695,8,1,2096,312.00,1288,808,262,0
1673058696,8,1,2096,311.80,1347,749,262,0
1673058697,8,1,2096,311.11,1334,762,262,0
1673058698,8,1,2096,311.74,1340,756,262,0
1673058699,8,1,2096,311.44,1304,792,262,0
1673058700,8,1,2088,312.00,1303,785,261,0
1673058701,8,1,2080,312.00,1331,749,260,0
1673058702,8,1,2128,311.91,1363,765,266,0
1673058703,8,1,2096,311.47,1296,800,262,0
1673058720,0,0,0,0.00,0,0,0,0
1673058721,8,1,16,312.00,3,13,2,0
1673058722,8,1,2096,312.00,1289,807,262,0
1673058723,8,1,2096,312.00,1324,772,262,0
1673058724,8,1,2088,312.04,1311,777,261,0
1673058725,8,1,2096,312.00,1343,753,262,0
1673058726,8,1,2096,312.00,1295,801,262,0
1673058727,8,1,2096,312.00,1298,798,262,0
1673058728,8,1,2096,311.41,1338,758,262,0
1673058729,8,1,2088,312.00,1332,756,261,0
1673058730,8,1,2072,312.00,1305,767,259,0
1673058731,8,1,2120,311.21,1292,828,265,0
1673058732,8,1,2104,311.92,1350,754,263,0
1673058733,8,1,2080,312.00,1314,766,260,0
1673058734,8,1,2104,312.00,1319,785,263,0
1673058735,8,1,2128,312.00,1290,838,266,0
1673058736,8,1,2120,312.00,1362,758,265,0
1673058737,8,1,2064,312.00,1301,763,258,0
1673058738,8,1,2136,311.88,1343,793,267,0
1673058739,8,1,2080,311.90,1277,803,260,0
1673058740,8,1,2136,311.02,1358,778,267,0
1673058741,8,1,2096,312.08,1333,763,262,0
1673058742,8,1,2088,312.53,1313,775,261,0
1673058743,8,1,2064,312.00,1268,796,258,0
1673058744,8,1,2128,312.00,1352,776,266,0
1673058745,8,1,2088,312.00,1321,767,261,0
1673058746,8,1,2064,312.00,1307,757,258,0
1673058747,8,1,2120,312.00,1297,823,265,0
1673058748,8,1,2136,311.59,1338,798,267,0
1673058749,8,1,2096,311.76,1326,770,262,0
1673058750,8,1,2096,312.74,1319,777,262,0
1673058751,8,1,2112,311.82,1294,818,264,0
1673058752,8,1,2088,311.33,1318,770,261,0
1673058753,8,1,2088,312.00,1318,770,261,0
1673058754,8,1,2144,311.96,1352,792,268,0
1673058755,8,1,2096,307.90,1309,787,262,0
1673058756,8,1,2080,304.63,1284,796,260,0
1673058757,8,1,2120,310.63,1340,780,265,0
1673058758,8,1,2064,314.03,1298,766,258,0
1673058759,8,1,2136,313.06,1350,786,267,0
1673058760,8,1,2088,312.95,1285,803,261,0
1673058761,8,1,2096,312.13,1340,756,262,0
1673058762,8,1,2096,312.62,1326,770,262,0
1673058763,8,1,2080,312.20,1311,769,260,0
1673058764,8,1,2112,312.66,1296,816,264,0
1673058765,8,1,2096,311.56,1327,769,262,0
1673058766,8,1,2096,311.76,1327,769,262,0
1673058767,8,1,2096,312.80,1338,758,262,0
1673058768,8,1,2096,312.03,1299,797,262,0
1673058769,8,1,2072,312.00,1287,785,259,0
1673058771,8,1,2152,312.10,1392,760,269,0
1673058772,8,1,2088,312.00,1319,769,261,0
1673058773,8,1,2096,312.00,1297,799,262,0
1673058774,8,1,2088,312.00,1350,738,261,0
1673058775,8,1,2080,312.00,1407,673,260,0
1673058776,8,1,2088,311.45,1381,707,261,0
1673058777,8,1,2136,311.26,1363,773,267,0
1673058778,8,1,2120,312.00,1339,781,265,0
1673058779,8,1,2112,312.04,1366,746,264,0
1673058780,8,1,2128,312.00,1367,761,266,0
1673058781,8,1,2112,312.00,1332,780,264,0
1673058782,8,1,2088,312.00,1357,731,261,0
1673058783,8,1,2104,312.00,1367,737,263,0
1673058784,8,1,2096,311.78,1354,742,262,0
1673058785,8,1,2064,312.00,1322,742,258,0
1673058786,8,1,2160,312.00,1384,776,270,0
1673058787,8,1,2096,312.00,1347,749,262,0
1673058788,8,1,2088,312.00,1328,760,261,0
1673058789,8,1,2112,312.00,1318,794,264,0
1673058790,8,1,2112,311.75,1375,737,264,0
1673058791,8,1,2136,311.85,1384,752,267,0
1673058792,8,1,2096,312.13,1331,765,262,0
1673058793,8,1,2096,311.00,1305,791,262,0
1673058794,8,1,2088,311.93,1360,728,261,0
1673058795,8,1,2096,311.91,1347,749,262,0
1673058796,8,1,2096,311.16,1352,744,262,0
1673058797,8,1,2096,312.00,1319,777,262,0
1673058798,8,1,2088,312.00,1343,745,261,0
1673058799,8,1,2096,312.31,1368,728,262,0
1673058800,8,1,2088,312.35,1366,722,261,0
1673058801,8,1,2096,311.51,1329,767,262,0
1673058802,8,1,2096,312.00,1319,777,262,0
1673058803,8,1,2096,311.79,1370,726,262,0
1673058804,8,1,2088,311.39,1357,731,261,0
1673058805,8,1,2120,312.00,1358,762,265,0
1673058806,8,1,2120,312.00,1335,785,265,0
1673058807,8,1,2072,312.00,1346,726,259,0
1673058808,8,1,2128,312.52,1381,747,266,0
1673058809,8,1,2088,311.31,1326,762,261,0
1673058810,8,1,2144,311.49,1322,822,268,0
1673058811,8,1,2096,312.01,1383,713,262,0
1673058812,8,1,2088,312.00,1389,699,261,0
1673058813,8,1,2088,312.00,1343,745,261,0
1673058814,8,1,2096,312.00,1325,771,262,0
1673058815,8,1,2096,311.59,1404,692,262,0
1673058816,8,1,2096,311.90,1377,719,262,0
1673058817,8,1,2096,312.00,1357,739,262,0
1673058818,8,1,2088,312.00,1327,761,261,0
1673058819,8,1,2096,311.98,1370,726,262,0
1673058820,8,1,2096,310.39,1391,705,262,0
1673058821,8,1,2096,311.30,1405,691,262,0
1673058822,8,1,2088,312.81,1343,745,261,0
1673058823,8,1,2096,311.84,1332,764,262,0
1673058824,8,1,2096,311.73,1390,706,262,0
1673058825,8,1,2088,312.18,1374,714,261,0
1673058826,8,1,2096,312.00,1363,733,262,0
1673058827,8,1,2096,312.00,1353,743,262,0
1673058828,8,1,2096,311.78,1377,719,262,0
1673058829,8,1,2088,311.30,1394,694,261,0
1673058830,8,1,2096,312.00,1388,708,262,0
1673058831,8,1,2096,312.00,1347,749,262,0
1673058832,8,1,2080,312.00,1332,748,260,0
1673058833,8,1,2104,312.00,1405,699,263,0
1673058834,8,1,2120,312.00,1398,722,265,0
1673058835,8,1,2088,311.85,1332,756,261,0
1673058836,8,1,2096,311.29,1311,785,262,0
1673058837,8,1,2096,312.00,1370,726,262,0
1673058838,8,1,2032,312.00,1283,749,254,0
1673058839,8,1,2152,312.00,1384,768,269,0
1673058840,8,1,2096,311.42,1299,797,262,0
1673058841,8,1,2136,312.00,1356,780,267,0
1673058842,8,1,2080,312.00,1338,742,260,0
1673058843,8,1,2112,311.89,1350,762,264,0
1673058844,8,1,2120,311.73,1316,804,265,0
1673058845,8,1,2120,311.72,1369,751,265,0
1673058846,8,1,2112,311.74,1371,741,264,0
1673058847,8,1,2200,312.00,1356,844,275,0
1673058848,8,1,2120,311.20,1379,741,265,0
1673058849,8,1,2144,311.96,1368,776,268,0
1673058850,8,1,2080,312.00,1302,778,260,0
1673058851,8,1,2152,312.00,1377,775,269,0
1673058852,8,1,2096,312.00,1336,760,262,0
1673058853,8,1,2072,312.00,1306,766,259,0
1673058854,8,1,2104,312.00,1323,781,263,0
1673058855,8,1,2128,311.41,1368,760,266,0
1673058856,8,1,2128,311.56,1387,741,266,0
1673058857,8,1,2104,311.89,1343,761,263,0
1673058858,8,1,2096,311.41,1317,779,262,0
1673058859,8,1,2104,312.00,1384,720,263,0
1673058860,8,1,2088,311.84,1343,745,261,0
1673058861,8,1,2096,312.68,1331,765,262,0
1673058862,8,1,2080,311.64,1322,758,260,0
1673058863,8,1,2104,311.77,1352,752,263,0
1673058864,8,1,2064,311.77,1315,749,258,0
1673058865,8,1,2152,311.99,1378,774,269,0
1673058890,0,0,0,0.00,0,0,0,0
1673058891,0,0,0,0.00,0,0,0,0
1673058892,8,1,24,311.00,21,3,3,0
1673058893,8,1,2088,311.83,1347,741,261,0
1673058894,8,1,2080,312.14,1329,743,260,1
1673058895,8,1,2120,311.47,1316,804,265,0
1673058896,8,1,2088,312.00,1295,793,261,0
1673058897,8,1,2088,312.00,1354,734,261,0
1673058898,8,1,2120,312.00,1359,761,265,0
1673058899,8,1,2096,312.00,1310,786,262,0
1673058900,8,1,2088,312.00,1268,820,261,0
1673058901,8,1,2096,312.00,1341,755,262,0
1673058902,8,1,2088,311.69,1320,768,261,0
1673058903,8,1,2104,311.97,1321,783,263,0
1673058904,8,1,2104,311.73,1299,805,263,0
1673058905,8,1,2096,311.69,1320,776,262,0
1673058906,8,1,2096,312.39,1325,771,262,0
1673058907,8,1,2104,312.00,1332,772,263,0
1673058908,8,1,2128,311.54,1304,824,266,0
1673058909,8,1,2112,312.00,1346,766,264,0
1673058910,8,1,2072,311.50,1306,766,259,0
1673058911,8,1,2128,311.48,1332,796,266,0
1673058912,8,1,2128,312.00,1311,817,266,0
1673058913,8,1,2096,312.00,1358,738,262,0
1673058914,8,1,2096,311.93,1343,753,262,0
1673058915,8,1,2088,311.66,1310,778,261,0
1673058916,8,1,2096,311.76,1306,790,262,0
1673058917,8,1,2064,311.85,1299,765,258,0
1673058918,8,1,2136,312.00,1376,760,267,0
1673058919,8,1,2096,311.64,1332,764,262,0
1673058920,8,1,2096,312.00,1307,789,262,0
1673058921,8,1,2096,311.85,1314,782,262,0
1673058922,8,1,2048,312.00,1306,742,256,0
1673058923,8,1,2160,311.81,1410,750,270,0
1673058925,8,1,2104,311.02,1305,799,263,0
1673058926,8,1,2152,312.00,1370,782,269,0
1673058927,8,1,2096,312.00,1355,741,262,0
1673058928,8,1,2104,312.00,1321,783,263,0
1673058929,8,1,2096,312.00,1294,802,262,0
1673058930,8,1,2096,311.92,1323,773,262,0
1673058931,8,1,2096,312.00,1372,724,262,0
1673058932,8,1,2088,312.00,1330,758,261,0
1673058933,8,1,2096,312.00,1295,801,262,0
1673058934,8,1,2096,312.00,1306,790,262,0
1673058935,8,1,2096,312.00,1323,773,262,0
1673058936,8,1,2096,311.24,1325,771,262,0
1673058937,8,1,2096,312.00,1304,792,262,0
1673058938,8,1,2096,312.00,1267,829,262,0
1673058939,8,1,2088,312.00,1315,773,261,0
1673058940,8,1,2096,311.52,1336,760,262,0
1673058941,8,1,2096,311.94,1336,760,262,0
1673058942,8,1,2096,311.59,1292,804,262,0
1673058943,8,1,2096,311.05,1325,771,262,0
1673058944,8,1,2088,311.46,1336,752,261,0
1673058945,8,1,2096,312.00,1353,743,262,0
1673058946,8,1,2096,311.92,1305,791,262,0
1673058947,8,1,2096,312.00,1296,800,262,0
1673058948,8,1,2104,312.00,1355,749,263,0
1673058949,8,1,2088,311.62,1336,752,261,0
1673058950,8,1,2104,311.92,1321,783,263,0
1673058951,8,1,2088,312.00,1285,803,261,0
1673058952,8,1,2096,311.42,1331,765,262,0
1673058953,8,1,2096,312.00,1331,765,262,0
1673058954,8,1,2104,311.18,1342,762,263,0
1673058955,8,1,2088,311.64,1311,777,261,0
1673058956,8,1,2096,311.42,1344,752,262,0
1673058957,8,1,2088,312.00,1358,730,261,0
1673058958,8,1,2096,312.00,1378,718,262,0
1673058959,8,1,2088,312.13,1342,746,261,0
1673058960,8,1,2104,311.54,1314,790,263,0
1673058961,8,1,2088,312.00,1370,718,261,0
1673058962,8,1,2096,311.43,1368,728,262,0
1673058963,8,1,2088,312.00,1349,739,261,0
1673058964,8,1,2096,311.47,1328,768,262,0
1673058965,8,1,2096,312.00,1355,741,262,0
1673058966,8,1,2088,312.00,1355,733,261,0
1673058967,8,1,2096,311.58,1387,709,262,0
1673058968,8,1,2096,311.00,1334,762,262,0
1673058969,8,1,2104,311.77,1334,770,263,0
1673058970,8,1,2088,312.00,1380,708,261,0
1673058971,8,1,2104,312.00,1372,732,263,0
1673058972,8,1,2088,312.00,1347,741,261,0
1673058973,8,1,2096,312.00,1322,774,262,0
1673058974,8,1,2088,312.00,1365,723,261,0
1673058975,8,1,2096,312.00,1363,733,262,0
1673058976,8,1,2104,312.00,1361,743,263,0
1673058977,8,1,2088,311.54,1329,759,261,0
1673058978,8,1,2096,311.66,1340,756,262,0
1673058979,8,1,2088,311.84,1364,724,261,0
1673058980,8,1,2096,310.31,1351,745,262,0
1673058981,8,1,2096,311.59,1352,744,262,0
1673058982,8,1,2088,312.08,1308,780,261,0
1673058983,8,1,2096,312.00,1376,720,262,0
1673058984,8,1,2088,312.00,1359,729,261,0
1673058985,8,1,2096,312.00,1365,731,262,0
1673058986,8,1,2096,312.00,1326,770,262,0
1673058987,8,1,2096,312.00,1343,753,262,0
1673058988,8,1,2104,312.00,1376,728,263,0
1673058989,8,1,2096,312.00,1388,708,262,0
1673058990,8,1,2096,312.00,1335,761,262,0
1673058991,8,1,2096,312.00,1331,765,262,0
1673058992,8,1,2096,311.17,1382,714,262,0
1673058993,8,1,2096,312.00,1374,722,262,0
1673058994,8,1,2096,312.00,1363,733,262,0
1673058995,8,1,2096,312.00,1309,787,262,0
1673058996,8,1,2088,311.64,1378,710,261,0
1673058997,8,1,2096,312.00,1372,724,262,0
1673058998,8,1,2096,312.00,1355,741,262,0
1673058999,8,1,2096,312.00,1334,762,262,0
1673059000,8,1,2096,311.89,1344,752,262,0
1673059001,8,1,2096,311.99,1369,727,262,0
1673059002,8,1,2096,311.73,1380,716,262,0
1673059003,8,1,2096,311.10,1339,757,262,0
1673059004,8,1,2088,312.00,1306,782,261,0
1673059005,8,1,2096,312.00,1369,727,262,0
1673059006,8,1,2096,312.00,1370,726,262,0
1673059007,8,1,2104,311.63,1358,746,263,0
1673059008,8,1,2096,311.77,1325,771,262,0
1673059009,8,1,2096,312.00,1387,709,262,0
1673059010,8,1,2096,312.00,1369,727,262,0
1673059011,8,1,2088,312.00,1368,720,261,0
1673059012,8,1,2104,312.00,1332,772,263,0
1673059013,8,1,2088,311.34,1346,742,261,0
1673059014,8,1,2104,312.00,1385,719,263,0
1673059015,8,1,2096,311.44,1379,717,262,0
1673059016,8,1,2096,311.85,1339,757,262,0
1673059017,8,1,2088,312.00,1323,765,261,0
1673059018,8,1,2096,312.00,1386,710,262,0
1673059019,8,1,2096,312.00,1384,712,262,0
1673059020,8,1,2096,311.42,1357,739,262,0
1673059021,8,1,2096,311.15,1335,761,262,0
1673059022,8,1,2096,311.45,1372,724,262,0
1673059023,8,1,2088,312.00,1350,738,261,0
1673059024,8,1,2104,312.00,1383,721,263,0
1673059025,8,1,2096,312.00,1334,762,262,0
1673059026,8,1,2096,312.00,1352,744,262,0
1673059027,8,1,2096,312.00,1373,723,262,0
1673059028,8,1,2104,311.29,1399,705,263,0
1673059029,8,1,2096,311.43,1346,750,262,0
1673059030,8,1,2096,312.00,1321,775,262,0
1673059031,8,1,2096,312.00,1373,723,262,0
1673059032,8,1,2088,311.54,1361,727,261,0
1673059033,8,1,2096,311.18,1352,744,262,0
1673059034,8,1,2096,311.99,1336,760,262,0
1673059035,8,1,2096,312.24,1365,731,262,0
1673059036,8,1,2096,311.76,1366,730,262,0
1673059037,8,1,2096,312.00,1365,731,262,0
1673059038,8,1,2096,312.00,1332,764,262,0
1673059039,8,1,2096,311.74,1351,745,262,0
1673059040,8,1,2096,311.25,1381,715,262,0
1673059041,8,1,2088,312.00,1374,714,261,0
1673059042,8,1,2104,311.34,1350,754,263,0
1673059043,8,1,2088,312.00,1314,774,261,0
1673059044,8,1,2096,312.00,1387,709,262,0
1673059045,8,1,2096,312.00,1370,726,262,0
1673059046,8,1,2088,311.68,1346,742,261,0
1673059047,8,1,2104,311.98,1331,773,263,0
1673059048,8,1,2088,311.73,1357,731,261,0
1673059049,8,1,2096,312.24,1364,732,262,0
1673059050,8,1,2088,312.09,1380,708,261,0
1673059051,8,1,2104,311.83,1328,776,263,0
1673059052,8,1,2088,311.79,1341,747,261,0
1673059053,8,1,2096,311.97,1383,713,262,0
1673059054,8,1,2096,311.91,1369,727,262,0
1673059055,8,1,2096,311.54,1355,741,262,0
1673059056,8,1,2096,311.90,1326,770,262,0
1673059057,8,1,2096,312.00,1378,718,262,0
1673059058,8,1,2080,312.00,1354,726,260,0
1673059059,8,1,2104,312.00,1382,722,263,0
1673059060,8,1,2096,312.00,1336,760,262,0
1673059061,8,1,2096,310.63,1339,757,262,0
1673059062,8,1,2120,310.51,1396,724,265,0
1673059063,8,1,2096,312.00,1385,711,262,0
1673059064,8,1,2088,312.00,1334,754,261,0
1673059065,8,1,2096,312.28,1325,771,262,0
1673059066,8,1,2096,312.00,1376,720,262,0
1673059067,8,1,2104,312.00,1384,720,263,0
1673059068,8,1,2112,312.00,1345,767,264,0
1673059069,8,1,2104,312.00,1345,759,263,0
1673059070,8,1,2096,312.00,1376,720,262,0
1673059071,8,1,2104,312.00,1384,720,263,0
1673059072,8,1,2104,311.81,1329,775,263,0
1673059073,8,1,2144,312.00,1380,764,268,0
1673059074,8,1,2104,312.00,1382,722,263,0
1673059075,8,1,2104,312.00,1344,760,263,0
1673060394,0,0,0,0.00,0,0,0,0
1673060395,0,0,0,0.00,0,0,0,0
1673060396,8,1,88,313.00,16,72,11,0
1673060397,8,1,2096,312.57,1407,689,262,0
1673060398,8,1,2096,312.09,1401,695,262,0
1673060399,8,1,2096,311.53,1386,710,262,0
1673060400,8,1,2088,312.00,1355,733,261,0
1673060401,8,1,2096,311.99,1379,717,262,0
1673060402,8,1,2096,312.35,1403,693,262,0
1673060403,8,1,2112,312.29,1409,703,264,0
1673060404,8,1,2096,312.00,1367,729,262,0
1673060405,8,1,2088,311.92,1384,704,261,0
1673060406,8,1,2096,312.00,1415,681,262,0
1673060407,8,1,2096,311.30,1418,678,262,0
1673060408,8,1,2072,311.96,1362,710,259,0
1673060409,8,1,2104,312.00,1348,756,263,0
1673060410,8,1,2128,312.00,1436,692,266,0
1673060411,8,1,2080,312.00,1402,678,260,0
1673060412,8,1,2128,312.00,1403,725,266,0
1673060413,8,1,2064,311.72,1366,698,258,0
1673060414,8,1,2136,311.27,1436,700,267,0
1673060415,8,1,2096,312.00,1399,697,262,0
1673060416,8,1,2096,312.00,1375,721,262,0
1673060417,8,1,2104,311.64,1361,743,263,0
1673060418,8,1,2096,312.00,1403,693,262,0
1673060419,8,1,2104,311.49,1410,694,263,0
1673060420,8,1,2112,311.85,1394,718,264,0
1673060421,8,1,2128,312.00,1370,758,266,0
1673060422,8,1,2096,311.94,1409,687,262,0
1673060423,8,1,2088,311.91,1403,685,261,0
1673060424,8,1,2104,311.10,1370,734,263,0
1673060425,8,1,2096,311.80,1364,732,262,0
1673060426,8,1,2088,311.96,1382,706,261,0
1673060427,8,1,2080,311.08,1378,702,260,0
1673060428,8,1,2112,312.00,1410,702,264,0
1673060429,8,1,2088,311.93,1341,747,261,0
1673060430,8,1,2128,311.69,1403,725,266,0
1673060431,8,1,2136,311.50,1448,688,267,0
1673060432,8,1,2112,312.00,1402,710,264,0
1673060433,8,1,2112,311.43,1370,742,264,0
1673060434,8,1,2096,311.39,1435,661,262,0
1673060435,8,1,2088,312.00,1402,686,261,0
1673060436,8,1,2104,312.00,1400,704,263,0
1673060437,8,1,2088,312.00,1370,718,261,0
1673060438,8,1,2096,311.75,1404,692,262,0
1673060439,8,1,2096,311.04,1425,671,262,0
1673060440,8,1,2096,312.00,1426,670,262,0
1673060441,8,1,2096,312.00,1373,723,262,0
1673060442,8,1,2096,310.82,1376,720,262,0
1673060443,8,1,2096,310.82,1423,673,262,0
1673060444,8,1,2096,312.47,1423,673,262,0
1673060445,8,1,2104,312.00,1409,695,263,0
1673060446,8,1,2088,312.00,1350,738,261,0
1673060447,8,1,2096,312.00,1412,684,262,0
1673060449,8,1,2096,311.88,1414,682,262,0
1673060450,8,1,2088,311.61,1391,697,261,0
1673060451,8,1,2096,311.56,1371,725,262,0
1673060452,8,1,2096,312.00,1350,746,262,0
1673060453,8,1,2096,311.62,1353,743,262,0
1673060454,8,1,2096,312.14,1376,720,262,0
1673060455,8,1,2104,312.00,1312,792,263,0
1673060456,8,1,2096,312.00,1303,793,262,0
1673060457,8,1,2096,312.00,1315,781,262,0
1673060458,8,1,2096,311.53,1323,773,262,0
1673060459,8,1,2096,311.88,1298,798,262,0
1673060460,8,1,2096,312.00,1264,832,262,0
1673060461,8,1,2096,312.00,1314,782,262,0
1673060462,8,1,2096,312.00,1318,778,262,0
1673060463,8,1,2112,311.39,1317,795,264,0
1673060464,8,1,2096,312.00,1270,826,262,0
1673060465,8,1,2096,312.00,1311,785,262,0
1673060466,8,1,2096,312.00,1322,774,262,0
1673060467,8,1,2088,312.00,1318,770,261,0
1673060468,8,1,2104,311.75,1288,816,263,0
1673060469,8,1,2088,311.00,1278,810,261,0
1673060470,8,1,2096,311.98,1305,791,262,0
1673060471,8,1,2096,312.00,1320,776,262,0
1673060472,8,1,2096,311.70,1307,789,262,0
1673060473,8,1,2096,311.12,1253,843,262,0
1673060474,8,1,2096,312.00,1314,782,262,0
1673060475,8,1,2096,312.00,1335,761,262,0
1673060476,8,1,2080,311.43,1297,783,260,0
1673060477,8,1,2104,311.61,1277,827,263,0
1673060478,8,1,2088,312.00,1295,793,261,0
1673060479,8,1,2096,312.00,1322,774,262,0
1673060480,8,1,2096,311.35,1340,756,262,0
1673060481,8,1,2096,312.00,1290,806,262,0
1673060482,8,1,2096,311.44,1277,819,262,0
1673060483,8,1,2104,312.00,1330,774,263,0
1673060484,8,1,2096,311.09,1324,772,262,0
1673060485,8,1,2096,311.63,1299,797,262,0
1673060486,8,1,2096,312.00,1272,824,262,0
1673060487,8,1,2096,312.00,1304,792,262,0
1673060488,8,1,2096,311.44,1311,785,262,0
1673060489,8,1,2096,311.87,1315,781,262,0
1673060490,8,1,2088,312.00,1296,792,261,0
1673060491,8,1,2096,312.00,1292,804,262,0
1673060492,8,1,2096,312.00,1323,773,262,0
1673060493,8,1,2096,312.00,1343,753,262,0
1673060494,8,1,2096,312.00,1293,803,262,0
1673060495,8,1,2096,311.78,1272,824,262,0
1673060496,8,1,2096,310.68,1309,787,262,0
1673060497,8,1,2096,310.66,1326,770,262,0
1673060498,8,1,2096,312.00,1304,792,262,0
1673060499,8,1,2096,312.00,1288,808,262,0
1673060500,8,1,2096,312.00,1303,793,262,0
1673060501,8,1,2096,311.63,1322,774,262,0
1673060502,8,1,2096,311.90,1328,768,262,0
1673060503,8,1,2088,312.00,1281,807,261,0
1673060504,8,1,2096,311.89,1288,808,262,0
1673060505,8,1,2096,311.15,1306,790,262,0
1673060506,8,1,2088,312.00,1318,770,261,0
1673060507,8,1,2104,312.00,1314,790,263,0
1673060508,8,1,2104,311.89,1269,835,263,0
1673060509,8,1,2096,312.00,1312,784,262,0
1673060510,8,1,2088,311.14,1313,775,261,0
1673060511,8,1,2096,312.00,1302,794,262,0
1673060512,8,1,2096,312.00,1282,814,262,0
1673060513,8,1,2104,311.57,1310,794,263,0
1673060514,8,1,2088,312.00,1308,780,261,0
1673060515,8,1,2096,311.29,1329,767,262,0
1673060516,8,1,2096,312.00,1277,819,262,0
1673060517,8,1,2096,311.62,1278,818,262,0
1673060518,8,1,2096,311.57,1319,777,262,0
1673060519,8,1,2096,312.00,1324,772,262,0
1673060520,8,1,2104,312.00,1305,799,263,0
1673060521,8,1,2096,312.00,1268,828,262,0
1673060522,8,1,2096,311.92,1309,787,262,0
1673060523,8,1,2104,311.46,1341,763,263,0
1673060524,8,1,2096,312.00,1290,806,262,0
1673060525,8,1,2088,311.87,1280,808,261,0
1673060526,8,1,2096,311.77,1292,804,262,0
1673060527,8,1,2088,312.00,1306,782,261,0
1673060528,8,1,2104,311.63,1336,768,263,0
1673060529,8,1,2088,312.00,1264,824,261,0
1673060530,8,1,2112,312.00,1279,833,264,0
1673060531,8,1,2096,311.55,1332,764,262,0
1673060532,8,1,2096,312.00,1368,728,262,0
1673060533,8,1,2096,311.42,1343,753,262,0
1673060534,8,1,2104,312.00,1334,770,263,0
1673060535,8,1,2088,311.30,1365,723,261,0
1673060536,8,1,2096,311.81,1366,730,262,0
1673060537,8,1,2096,312.00,1350,746,262,0
1673060538,8,1,2104,311.91,1334,770,263,0
1673060539,8,1,2088,310.62,1367,721,261,0
1673060540,8,1,2096,311.58,1375,721,262,0
1673060541,8,1,2088,312.00,1330,758,261,0
1673060542,8,1,2096,311.96,1316,780,262,0
1673060543,8,1,2096,311.64,1360,736,262,0
1673060544,8,1,2096,312.00,1419,677,262,0
1673060545,8,1,2096,312.00,1410,686,262,0
1673060546,8,1,2096,312.00,1394,702,262,0
1673060547,8,1,2096,312.00,1360,736,262,0
1673060548,8,1,2096,312.00,1421,675,262,0
1673060549,8,1,2088,311.74,1394,694,261,0
1673060550,8,1,2096,311.66,1413,683,262,0
1673060551,8,1,2104,312.00,1376,728,263,0
1673060552,8,1,2096,312.00,1389,707,262,0
1673060553,8,1,2096,311.59,1413,683,262,0
1673060554,8,1,2064,311.56,1382,682,258,0
1673060555,8,1,2080,311.10,1371,709,260,0
1673060556,8,1,2208,312.00,1451,757,276,0
1673060557,8,1,2072,312.00,1387,685,259,0
1673060558,8,1,2120,312.00,1433,687,265,0
1673060559,8,1,2096,311.64,1383,713,262,0
1673060560,8,1,2112,311.76,1432,680,264,0
1673060561,8,1,2088,312.00,1422,666,261,0
1673060562,8,1,2104,311.22,1436,668,263,0
1673060563,8,1,2056,311.96,1375,681,257,0
1673060564,8,1,2144,311.97,1417,727,268,0
1673060565,8,1,2088,311.99,1434,654,261,0
1673060566,8,1,1976,312.00,1349,611,247,2
1673060567,8,1,2096,311.59,1390,706,262,0
1673060568,8,1,2104,312.00,1380,724,263,0
1673060569,8,1,2080,311.65,1420,660,260,0
1673060570,8,1,2136,311.99,1467,669,267,0
1673060571,8,1,2096,311.82,1393,703,262,0
1673060572,8,1,2096,311.83,1388,708,262,0
1673060573,8,1,2096,311.00,1438,658,262,0
1673060574,8,1,2096,310.71,1420,676,262,0
1673060575,8,1,2096,312.02,1397,699,262,0
1673060576,8,1,2096,312.09,1388,708,262,0
1673060577,8,1,2096,311.38,1413,683,262,0
1673060578,8,1,2080,312.63,1403,677,260,0
1673060579,8,1,2104,311.91,1442,662,263,0
1673060580,8,1,2104,311.86,1372,732,263,0
1673060581,8,1,2096,312.00,1375,721,262,0
1673060582,8,1,2088,311.17,1415,673,261,0
1673060583,8,1,2096,312.00,1406,690,262,0
1673060584,8,1,2096,312.00,1379,717,262,0
1673060585,8,1,2096,312.00,1335,761,262,0
1673060586,8,1,2096,312.00,1437,659,262,0
1673060587,8,1,2096,311.93,1433,663,262,0
1673060588,8,1,2104,311.13,1387,717,263,0
1673060589,8,1,2096,311.85,1360,736,262,0
1673060590,8,1,2096,311.66,1391,705,262,0
1673060591,8,1,2104,311.94,1412,692,263,0
1673060592,8,1,2096,311.62,1392,704,262,0
1673060593,8,1,2096,312.01,1363,733,262,0
1673060594,8,1,2104,312.00,1396,708,263,0
1673060595,8,1,2096,311.29,1400,696,262,0
1673060596,8,1,2096,312.00,1414,682,262,0
1673060597,8,1,2096,312.00,1366,730,262,0
1673060598,8,1,2088,311.41,1358,730,261,0
1673060599,8,1,2104,312.00,1426,678,263,0
1673060600,8,1,2096,312.00,1410,686,262,0
1673060601,8,1,2096,312.00,1370,726,262,0
1673060602,8,1,2096,312.00,1335,761,262,0
1673060603,8,1,2088,311.71,1415,673,261,0
1673060604,8,1,2096,312.00,1399,697,262,0
1673060605,8,1,2096,311.68,1391,705,262,0
1673060606,8,1,2136,311.47,1373,763,267,0
1673060607,8,1,2064,311.49,1391,673,258,0
1673060608,8,1,1800,311.30,1207,569,225,3
1673060609,8,1,1672,312.00,1103,553,209,2
1673060610,8,1,2088,311.77,1368,704,261,2
1673060611,8,1,2032,311.76,1312,712,254,1
1673060612,8,1,1928,311.00,1274,630,241,3
1673060613,8,1,2040,311.89,1362,670,255,1
1673060614,8,1,1856,312.00,1209,647,232,0
1673060615,8,1,2360,312.00,1566,786,295,1
1673060616,8,1,1968,312.00,1320,624,246,3
1673060617,8,1,2080,312.00,1403,677,260,0
1673060618,8,1,2104,311.72,1366,738,263,0
1673060619,8,1,2016,311.73,1342,658,252,2
1673060620,8,1,2056,311.42,1361,687,257,1
1673060621,8,1,1952,312.00,1327,617,244,1
1673060623,8,1,1704,312.00,1100,532,213,9
1673060624,8,1,1696,312.00,1139,533,212,3
1673060625,8,1,2128,311.49,1334,770,266,3
1673060626,8,1,2040,311.92,1313,719,255,1
1673060627,8,1,1872,311.90,1253,587,234,4
1673060628,8,1,2104,311.73,1450,646,263,1
1673060629,8,1,2096,312.00,1365,723,262,1
1673060630,8,1,2064,311.60,1348,708,258,1
1673060631,8,1,1912,311.65,1246,658,239,1
1673060632,8,1,2040,312.00,1378,646,255,2
1673060633,8,1,2104,312.00,1393,711,263,0
1673060634,8,1,2104,312.00,1370,734,263,0
1673060635,8,1,2104,312.00,1406,698,263,0
1673060636,8,1,2088,312.00,1382,706,261,0
1673060637,8,1,2088,312.00,1382,706,261,0
1673060638,8,1,2184,312.00,1417,767,273,0
1673060639,8,1,2320,312.00,1586,734,290,0
1673060640,8,1,2112,311.43,1370,742,264,0
1673060641,8,1,2088,312.00,1408,680,261,0
1673060642,8,1,2096,311.97,1421,675,262,0
1673060643,8,1,2096,311.00,1378,718,262,0
1673060644,8,1,2096,311.39,1352,744,262,0
1673060645,8,1,2088,311.79,1415,673,261,0
1673060646,8,1,2064,311.66,1389,675,258,0
1673060647,8,1,2144,311.54,1083,1061,268,0
1673060648,8,1,2088,307.30,1170,918,261,0
1673060649,8,1,2096,311.07,1324,772,262,0
1673060650,8,1,2088,312.65,1360,728,261,0
1673060651,8,1,2104,312.00,1345,759,263,0
1673060652,8,1,2088,312.00,1303,785,261,0
1673060653,8,1,2096,312.00,1294,802,262,0
1673060654,8,1,2096,311.83,1352,744,262,0
1673060655,8,1,2096,312.00,1375,721,262,0
1673060656,8,1,2112,312.00,1457,655,264,0
1673060657,8,1,2088,311.40,1410,678,261,0
1673060658,8,1,2104,312.53,1479,625,263,0
1673060659,8,1,2088,311.92,1460,628,261,0
1673060660,8,1,2088,311.63,1458,630,261,0
1673060661,8,1,2104,311.77,1427,677,263,0
1673060662,8,1,2088,312.00,1436,652,261,0
1673060663,8,1,2104,311.89,1487,617,263,0
1673060664,8,1,2096,311.81,1454,642,262,0
1673060665,8,1,2096,312.00,1403,693,262,0
1673060666,8,1,2104,312.00,1380,724,263,0
1673060667,8,1,2104,311.39,1443,661,263,0
1673060668,8,1,2088,311.39,1461,627,261,0
1673060669,8,1,2104,312.00,1438,666,263,0
1673060670,8,1,2096,312.00,1419,677,262,0
1673060671,8,1,2096,312.00,1472,624,262,0
1673060672,8,1,2096,311.47,1445,651,262,0
1673060673,8,1,2096,311.97,1408,688,262,0
1673060674,8,1,2096,311.63,1394,702,262,0
1673060675,8,1,2104,312.00,1426,678,263,0
1673060676,8,1,2104,312.00,1446,658,263,0
1673060677,8,1,2096,311.63,1406,690,262,0
1673060678,8,1,2088,312.00,1367,721,261,0
1673060679,8,1,2104,312.00,1411,693,263,0
1673060680,8,1,2096,312.00,1419,677,262,0
1673060681,8,1,2096,312.00,1420,676,262,0
1673060682,8,1,2088,312.00,1378,710,261,0
1673060683,8,1,2104,312.00,1376,728,263,0
1673060684,8,1,2096,312.00,1419,677,262,0
1673060685,8,1,2088,311.69,1390,698,261,0
1673060686,8,1,2096,311.78,1389,707,262,0
1673060687,8,1,2096,311.56,1365,731,262,0
1673060688,8,1,2096,310.49,1401,695,262,0
1673060689,8,1,2104,311.65,1426,678,263,0
1673060690,8,1,2088,312.00,1398,690,261,0
1673060691,8,1,2096,311.76,1375,721,262,0
1673060692,8,1,2096,311.21,1388,708,262,0
1673060693,8,1,2096,312.00,1437,659,262,0
1673060694,8,1,2096,310.96,1427,669,262,0
1673060695,8,1,2104,307.12,1380,724,263,0
1673060696,8,1,2096,312.66,1369,727,262,0
1673060697,8,1,2096,313.38,1406,690,262,0
1673060698,8,1,2096,313.00,1418,678,262,0
1673060699,8,1,2096,313.00,1380,716,262,0
1673060700,8,1,2096,313.00,1364,732,262,0
1673060701,8,1,2096,312.36,1396,700,262,0
1673060702,8,1,2104,312.06,1417,687,263,0
1673060703,8,1,2096,312.37,1380,716,262,0
1673060704,8,1,2104,311.67,1387,717,263,0
1673060705,8,1,2096,312.00,1430,666,262,0
1673060706,8,1,2104,312.00,1485,619,263,0
1673060707,8,1,2104,312.00,1441,663,263,0
1673060708,8,1,2096,312.00,1413,683,262,0
1673060709,8,1,2088,312.00,1420,668,261,0
1673060710,8,1,2088,312.00,1441,647,261,0
1673060711,8,1,2104,312.00,1472,632,263,0
1673060712,8,1,2096,312.00,1395,701,262,0
1673060713,8,1,2096,312.00,1410,686,262,0
1673060714,8,1,2088,312.00,1449,639,261,0
1673060715,8,1,2096,312.00,1476,620,262,0
1673060716,8,1,2096,311.60,1440,656,262,0
1673060717,8,1,2096,311.63,1429,667,262,0
1673060718,8,1,2096,311.39,1450,646,262,0
1673060719,8,1,2096,312.00,1475,621,262,0
1673060720,8,1,2096,312.00,1464,632,262,0
1673060721,8,1,2096,312.00,1419,677,262,0
1673060722,8,1,2088,311.39,1435,653,261,0
1673060723,8,1,2104,312.00,1483,621,263,0
1673060724,8,1,2088,311.97,1454,634,261,0
1673060725,8,1,2096,311.40,1437,659,262,0
1673060726,8,1,2096,311.82,1401,695,262,0
1673060727,8,1,2096,311.52,1460,636,262,0
1673060728,8,1,2096,311.33,1469,627,262,0
1673060729,8,1,2104,311.94,1449,655,263,0
1673060730,8,1,2088,311.69,1410,678,261,0
1673060731,8,1,2096,311.68,1434,662,262,0
1673060732,8,1,2096,311.54,1473,623,262,0
1673060733,8,1,2088,312.59,1468,620,261,0
1673060734,8,1,2096,312.00,1423,673,262,0
1673060735,8,1,2112,312.00,1438,674,264,0
1673060736,8,1,2096,312.00,1482,614,262,0
1673060737,8,1,2088,312.00,1480,608,261,0
1673060738,8,1,2104,312.00,1447,657,263,0
1673060739,8,1,2088,312.00,1403,685,261,0
1673060740,8,1,2104,311.66,1477,627,263,0
1673060741,8,1,2096,312.00,1480,616,262,0
1673060742,8,1,2096,311.48,1442,654,262,0
1673060743,8,1,2096,312.00,1437,659,262,0
1673060744,8,1,2096,311.73,1463,633,262,0
1673060745,8,1,2096,311.51,1471,625,262,0
1673060746,8,1,2096,312.00,1467,629,262,0
1673060747,8,1,2088,311.96,1415,673,261,0
1673060748,8,1,2104,311.81,1445,659,263,0
1673060749,8,1,2096,312.00,1472,624,262,0
1673060750,8,1,2096,312.00,1476,620,262,0
1673060751,8,1,2096,311.67,1434,662,262,0
1673060752,8,1,2096,312.00,1406,690,262,0
1673060753,8,1,2096,311.94,1457,639,262,0
1673060754,8,1,2096,311.25,1468,628,262,0
1673060755,8,1,2104,312.00,1442,662,263,0
1673060756,8,1,2096,311.33,1413,683,262,0
1673060757,8,1,2096,311.38,1439,657,262,0
1673060758,8,1,2096,312.00,1453,643,262,0
1673060759,8,1,2096,312.00,1481,615,262,0
1673060760,8,1,2088,312.00,1433,655,261,0
1673060761,8,1,2096,311.19,1455,641,262,0
1673060762,8,1,2088,311.76,1483,605,261,0
1673060763,8,1,2096,311.76,1492,604,262,0
1673060764,8,1,2096,311.65,1436,660,262,0
1673060765,8,1,2104,312.00,1325,779,263,0
1673060766,8,1,2096,311.53,1449,647,262,0
1673060767,8,1,2096,311.89,1472,624,262,0
1673060768,8,1,2096,312.00,1452,644,262,0
1673060769,8,1,2088,311.76,1423,665,261,0
1673060770,8,1,2112,311.21,1476,636,264,0
1673060772,8,1,2104,312.00,1486,618,263,0
1673060773,8,1,2096,312.00,1465,631,262,0
1673060774,8,1,2096,312.00,1412,684,262,0
1673060775,8,1,2088,311.43,1424,664,261,0
1673060776,8,1,2104,312.00,1471,633,263,0
1673060777,8,1,2096,312.00,1472,624,262,0
1673060778,8,1,2096,311.92,1419,677,262,0
1673060779,8,1,2112,311.09,1432,680,264,0
1673060780,8,1,2104,312.00,1479,625,263,0
1673060781,8,1,2096,311.60,1479,617,262,0
1673060782,8,1,2088,312.00,1421,667,261,0
1673060783,8,1,2096,311.63,1405,691,262,0
1673060784,8,1,2096,312.00,1459,637,262,0
1673060785,8,1,2096,310.53,1464,632,262,0
1673060786,8,1,2104,311.27,1450,654,263,0
1673060787,8,1,2096,312.30,1432,664,262,0
1673060788,8,1,2096,312.00,1450,646,262,0
1673060789,8,1,2096,312.00,1448,648,262,0
1673060790,8,1,2088,311.78,1459,629,261,0
1673060791,8,1,2072,311.64,1402,670,259,0
1673060792,8,1,2112,312.00,1419,693,264,0
1673060793,8,1,2096,311.32,1478,618,262,0
1673060794,8,1,1944,311.94,1345,583,243,2
1673060795,8,1,2208,312.00,1539,669,276,0
1673060796,8,1,2096,312.00,1397,699,262,0
1673060797,8,1,2112,312.00,1492,620,264,0
1673060798,8,1,2088,311.45,1461,627,261,0
1673060799,8,1,2096,312.00,1422,674,262,0
1673060800,8,1,2096,312.00,1431,665,262,0
1673060801,8,1,2096,312.00,1457,639,262,0
1673060802,8,1,2096,311.56,1478,618,262,0
1673060803,8,1,2096,312.00,1453,643,262,0
1673060804,8,1,2096,311.47,1429,667,262,0
1673060805,8,1,2096,311.85,1441,655,262,0
1673060806,8,1,2104,311.57,1493,611,263,0
1673060807,8,1,2096,311.72,1465,631,262,0
1673060808,8,1,2096,311.73,1430,666,262,0
1673060809,8,1,2104,312.00,1424,680,263,0
1673060810,8,1,2096,312.00,1460,636,262,0
1673060811,8,1,2104,311.21,1456,648,263,0
1673060812,8,1,2088,310.23,1393,695,261,0
1673060813,8,1,2096,311.84,1348,748,262,0
1673060814,8,1,2096,312.00,1395,701,262,0
1673060815,8,1,2120,312.00,1453,667,265,0
1673060816,8,1,2096,312.00,1405,691,262,0
1673060817,8,1,2096,312.00,1402,694,262,0
1673060818,8,1,2088,312.09,1429,659,261,0
1673060819,8,1,2112,312.00,1476,636,264,0
1673060820,8,1,2104,311.92,1433,671,263,0
1673060821,8,1,2088,312.00,1413,675,261,0
1673060822,8,1,2104,312.00,1455,649,263,0
1673060823,8,1,2096,312.00,1468,628,262,0
1673060824,8,1,2096,312.00,1399,697,262,0
1673060825,8,1,2096,312.00,1382,714,262,0
1673060826,8,1,2104,311.90,1410,694,263,0
1673060827,8,1,2096,311.89,1438,658,262,0
1673060828,8,1,2088,312.00,1425,663,261,0
1673060829,8,1,2096,311.90,1354,742,262,0
1673060830,8,1,2088,311.56,1333,755,261,0
1673060831,8,1,2096,312.00,1441,655,262,0
1673060832,8,1,2096,312.00,1410,686,262,0
1673060833,8,1,2096,311.70,1447,649,262,0
1673060834,8,1,2096,311.00,1426,670,262,0
1673060835,8,1,2104,312.52,1452,652,263,0
1673060836,8,1,2088,312.01,1464,624,261,0
1673060837,8,1,2096,312.56,1459,637,262,0
1673060838,8,1,2096,312.00,1371,725,262,0
1673060839,8,1,2096,312.00,1392,704,262,0
1673060840,8,1,2096,311.16,1436,660,262,0
1673060841,8,1,2096,311.70,1430,666,262,0
1673060842,8,1,2104,312.00,1400,704,263,0
1673060843,8,1,2088,312.00,1366,722,261,0
1673060844,8,1,2112,312.00,1433,679,264,0
1673060845,8,1,2096,312.00,1422,674,262,0
1673060846,8,1,2112,312.00,1397,715,264,0
1673060847,8,1,2096,312.00,1360,736,262,0
1673060848,8,1,2096,311.81,1404,692,262,0
1673060849,8,1,2096,311.77,1392,704,262,0
1673060850,8,1,2096,312.00,1398,698,262,0
1673060851,8,1,2104,312.00,1353,751,263,0
1673060852,8,1,2088,311.60,1381,707,261,0
1673060853,8,1,2104,311.94,1422,682,263,0
1673060854,8,1,1912,312.00,1272,632,239,1
1673060855,8,1,2208,311.80,1431,777,276,0
1673060856,8,1,2144,311.65,1452,692,268,0
1673060857,8,1,2096,311.70,1425,671,262,0
1673060858,8,1,2096,311.62,1383,713,262,0
1673060859,8,1,2104,312.00,1361,743,263,0
1673060860,8,1,2096,311.91,1428,668,262,0
1673060861,8,1,2096,312.00,1416,680,262,0
1673060862,8,1,2096,312.00,1396,700,262,0
1673060863,8,1,2096,312.00,1392,704,262,0
1673060864,8,1,2088,312.00,1401,687,261,0
1673060865,8,1,2104,312.00,1423,681,263,0
1673060866,8,1,2096,312.00,1424,672,262,0
1673060867,8,1,2096,311.41,1371,725,262,0
1673060868,8,1,2096,312.00,1388,708,262,0
1673060869,8,1,2096,311.73,1390,706,262,0
1673060870,8,1,2104,312.00,1431,673,263,0
1673060871,8,1,2104,312.00,1370,734,263,0
1673060872,8,1,2104,312.00,1393,711,263,0
1673060873,8,1,2072,312.00,1378,694,259,0
1673060874,8,1,2128,311.53,1460,668,266,0
1673060875,8,1,2096,311.71,1373,723,262,0
1673060876,8,1,2080,312.00,1343,737,260,0
1673060877,8,1,1776,312.00,1218,558,222,0
1673060878,8,1,2088,312.00,1318,738,261,4
1673060879,8,1,2088,312.00,1390,698,261,0
1673060880,8,1,2112,311.33,1372,740,264,0
1673060881,8,1,2096,311.60,1424,672,262,0
1673060882,8,1,2088,311.65,1410,678,261,0
1673060883,8,1,2096,311.69,1391,705,262,0
1673060884,8,1,2088,312.00,1371,717,261,0
1673060885,8,1,2104,311.92,1409,695,263,0
1673060886,8,1,2104,311.42,1428,676,263,0
1673060887,8,1,2096,312.00,1417,679,262,0
1673060888,8,1,2104,311.17,1371,733,263,0
1673060889,8,1,2088,311.82,1404,684,261,0
1673060890,8,1,2112,312.00,1416,696,264,0
1673060891,8,1,2112,311.29,1398,714,264,0
1673060892,8,1,2096,312.11,1373,723,262,0
1673060893,8,1,2112,312.00,1415,697,264,0
1673060894,8,1,2096,311.39,1428,668,262,0
1673060895,8,1,2096,312.00,1428,668,262,0
1673060896,8,1,2096,311.98,1406,690,262,0
1673060897,8,1,2040,311.00,1384,640,255,2
1673060898,8,1,2056,311.96,1384,672,257,0
1673060899,8,1,2288,312.00,1519,761,286,1
1673060900,8,1,1952,312.00,1292,652,244,1
1673060901,8,1,2120,311.42,1473,639,265,1
1673060902,8,1,2008,311.72,1352,656,251,0
1673060903,8,1,2144,311.45,1400,736,268,1
1673060904,8,1,2112,312.00,1411,701,264,0
1673060905,8,1,2096,312.00,1392,704,262,0
1673060906,8,1,2088,312.00,1428,660,261,0
1673060907,8,1,2104,311.15,1400,704,263,0
1673060908,8,1,2096,311.91,1411,685,262,0
1673060909,8,1,2096,312.00,1422,674,262,0
1673060910,8,1,2096,311.66,1458,638,262,0
1673060911,8,1,2096,311.57,1416,680,262,0
1673060912,8,1,2104,312.00,1388,716,263,0
1673060913,8,1,2104,311.43,1465,639,263,0
1673060914,8,1,2096,312.00,1437,659,262,0
1673060915,8,1,2104,312.00,1416,688,263,0
1673060916,8,1,2096,312.00,1403,693,262,0
1673060918,8,1,2096,312.00,1419,677,262,0
1673060919,8,1,2096,312.00,1450,646,262,0
1673060920,8,1,2112,312.00,1433,679,264,0
1673060921,8,1,2096,311.90,1407,689,262,0
1673060922,8,1,2104,312.00,1434,670,263,0
1673060923,8,1,2088,312.00,1443,645,261,0
1673060924,8,1,2120,312.00,1461,659,265,0
1673060925,8,1,2104,312.00,1402,702,263,0
1673060926,8,1,2088,311.62,1429,659,261,0
1673060927,8,1,2104,312.00,1461,643,263,0
1673060928,8,1,2096,312.00,1426,670,262,0
1673060929,8,1,2096,312.00,1395,701,262,0
1673060930,8,1,2096,312.00,1427,669,262,0
1673060931,8,1,2088,311.32,1447,641,261,0
1673060932,8,1,2096,311.05,1434,662,262,0
1673060933,8,1,2088,311.00,1413,675,261,0
1673060934,8,1,2096,311.99,1387,709,262,0
1673060935,8,1,2096,311.06,1442,654,262,0
1673060936,8,1,2096,311.79,1437,659,262,0
1673060937,8,1,2096,312.00,1435,661,262,0
1673060938,8,1,2096,312.00,1396,700,262,0
1673060939,8,1,2104,311.17,1427,677,263,0
1673060940,8,1,2104,312.00,1446,658,263,0
1673060941,8,1,2080,311.64,1443,637,260,0
1673060942,8,1,2144,312.00,1418,726,268,0
1673060943,8,1,2104,312.00,1450,654,263,0
1673060944,8,1,2096,311.17,1449,647,262,0
1673060945,8,1,2096,312.00,1439,657,262,0
1673060946,8,1,2088,312.00,1398,690,261,0
1673060947,8,1,2144,312.00,1467,677,268,0
1673060948,8,1,1576,312.00,1121,415,197,5
1673060949,8,1,2112,312.00,1444,668,264,0
1673060950,8,1,2096,312.00,1389,707,262,0
1673060951,8,1,1944,312.00,1301,627,243,2
1673060952,8,1,1928,312.00,1348,572,241,1
1673060953,8,1,1768,311.62,1151,601,221,2
1673060954,8,1,2224,311.49,1491,733,278,0
1673060955,8,1,2096,312.09,1424,672,262,0
1673060956,8,1,2104,311.33,1465,639,263,0
1673060957,8,1,2112,311.62,1440,672,264,0
1673060958,8,1,2096,311.18,1402,694,262,0
1673060959,8,1,2104,311.84,1417,687,263,0
1673060960,8,1,2096,312.00,1445,651,262,0
1673060961,8,1,2096,312.00,1456,640,262,0
1673060962,8,1,2088,312.00,1393,695,261,0
1673060963,8,1,2096,312.00,1406,690,262,0
1673060964,8,1,2096,312.26,1435,661,262,0
1673060965,8,1,2096,311.65,1451,645,262,0
1673060966,8,1,2080,308.28,1407,673,260,0
1673060967,8,1,2120,305.21,1390,730,265,0
1673060968,8,1,2104,314.73,1377,727,263,0
1673060969,8,1,2096,313.52,1423,673,262,0
1673060970,8,1,2096,312.76,1426,670,262,0
1673060971,8,1,2096,312.71,1366,730,262,0
1673060972,8,1,2088,312.93,1399,689,261,0
1673060973,8,1,2120,312.00,1480,640,265,0
1673060974,8,1,2112,312.00,1449,663,264,0
1673060975,8,1,2096,311.87,1401,695,262,0
1673060976,8,1,2096,312.27,1421,675,262,0
1673060977,8,1,2120,312.00,1465,655,265,0
1673060978,8,1,2096,312.00,1431,665,262,0
1673060979,8,1,2096,312.00,1403,693,262,0
1673060980,8,1,2096,311.58,1435,661,262,0
1673060981,8,1,2104,311.97,1457,647,263,0
1673060982,8,1,2096,312.00,1431,665,262,0
1673060983,8,1,2096,311.90,1363,733,262,0
1673060984,8,1,2104,312.00,1386,718,263,0
1673060985,8,1,2112,311.86,1438,674,264,0
1673060986,8,1,2112,311.39,1422,690,264,0
1673060987,8,1,2096,311.94,1380,716,262,0
1673060988,8,1,2096,311.79,1389,707,262,0
1673060989,8,1,2104,311.78,1480,624,263,0
1673060990,8,1,2096,311.66,1465,631,262,0
1673060991,8,1,2096,311.96,1428,668,262,0
1673060992,8,1,2096,311.77,1405,691,262,0
1673060993,8,1,2096,311.29,1470,626,262,0
1673060994,8,1,2072,312.00,1449,623,259,0
1673060995,8,1,2160,312.00,1480,680,270,0
1673060996,8,1,2096,311.73,1418,678,262,0
1673060997,8,1,2096,312.00,1455,641,262,0
1673060998,8,1,2096,312.00,1474,622,262,0
1673060999,8,1,2096,311.27,1429,667,262,0
1673061000,8,1,2096,311.01,1392,704,262,0
1673061001,8,1,2088,312.00,1417,671,261,0
1673061002,8,1,2104,312.00,1442,662,263,0
1673061003,8,1,2096,312.00,1441,655,262,0
1673061004,8,1,2096,312.00,1413,683,262,0
1673061005,8,1,2096,312.00,1409,687,262,0
1673061006,8,1,2088,312.00,1443,645,261,0
1673061007,8,1,2104,312.00,1469,635,263,0
1673061008,8,1,2096,312.00,1416,680,262,0
1673061009,8,1,2096,311.07,1409,687,262,0
1673061010,8,1,2104,311.98,1459,645,263,0
1673061011,8,1,2128,312.00,1509,619,266,0
1673061012,8,1,2096,311.90,1412,684,262,0
1673061013,8,1,2096,311.63,1406,690,262,0
1673061014,8,1,2088,311.76,1439,649,261,0
1673061015,8,1,2096,311.43,1450,646,262,0
1673061016,8,1,2096,311.92,1427,669,262,0
1673061017,8,1,2096,312.00,1417,679,262,0
1673061018,8,1,2096,312.00,1434,662,262,0
1673061019,8,1,2104,311.91,1445,659,263,0
1673061020,8,1,2096,311.52,1424,672,262,0
1673061021,8,1,2096,311.62,1395,701,262,0
1673061022,8,1,2096,311.94,1416,680,262,0
1673061023,8,1,2120,312.00,1470,650,265,0
1673061024,8,1,2096,312.15,1423,673,262,0
1673061025,8,1,2096,311.87,1393,703,262,0
1673061026,8,1,2096,311.34,1411,685,262,0
1673061027,8,1,2096,312.00,1442,654,262,0
1673061028,8,1,2088,312.00,1444,644,261,0
1673061029,8,1,2096,312.00,1402,694,262,0
1673061030,8,1,2096,312.00,1379,717,262,0
1673061031,8,1,2096,312.00,1453,643,262,0
1673061032,8,1,2096,311.46,1433,663,262,0
1673061033,8,1,2088,311.72,1417,671,261,0
1673061034,8,1,2096,309.31,1420,676,262,0
1673061035,8,1,2096,311.00,1403,693,262,0
1673061036,8,1,2096,312.00,1452,644,262,0
1673061037,8,1,2088,312.58,1456,632,261,0
1673061038,8,1,2104,311.97,1417,687,263,0
1673061039,8,1,2112,311.53,1393,719,264,0
1673061040,8,1,2088,312.00,1451,637,261,0
1673061041,8,1,2096,312.08,1458,638,262,0
1673061042,8,1,2096,312.00,1432,664,262,0
1673061043,8,1,2088,312.00,1390,698,261,0
1673061044,8,1,2112,312.00,1439,673,264,0
1673061045,8,1,2096,312.00,1463,633,262,0
1673061046,8,1,2088,312.00,1408,680,261,0
1673061047,8,1,2096,312.00,1411,685,262,0
1673061048,8,1,2096,312.00,1439,657,262,0
1673061049,8,1,2088,311.75,1453,635,261,0
1673061050,8,1,2096,311.11,1463,633,262,0
1673061051,8,1,2096,312.00,1406,690,262,0
1673061052,8,1,2096,312.00,1399,697,262,0
1673061053,8,1,2096,311.66,1447,649,262,0
1673061054,8,1,2096,311.64,1466,630,262,0
1673061055,8,1,2088,312.00,1424,664,261,0
1673061056,8,1,2096,312.00,1404,692,262,0
1673061057,8,1,2096,312.00,1446,650,262,0
1673061058,8,1,2088,311.56,1449,639,261,0
1673061059,8,1,2096,311.44,1445,651,262,0
1673061060,8,1,2096,312.00,1398,698,262,0
1673061061,8,1,2096,312.00,1423,673,262,0
1673061062,8,1,2096,312.18,1462,634,262,0
1673061063,8,1,2096,311.53,1474,622,262,0
1673061064,8,1,2096,309.15,1411,685,262,0
1673061065,8,1,2096,311.88,1379,717,262,0
1673061066,8,1,2096,312.34,1437,659,262,0
1673061067,8,1,2096,311.91,1453,643,262,0
1673061068,8,1,2096,312.66,1420,676,262,0
1673061069,8,1,2096,311.85,1391,705,262,0
1673061070,8,1,2096,311.35,1416,680,262,0
1673061071,8,1,2096,311.45,1455,641,262,0
1673061072,8,1,2096,311.30,1454,642,262,0
1673061073,8,1,2096,312.42,1394,702,262,0
1673061074,8,1,2096,312.00,1402,694,262,0
1673061075,8,1,2088,312.00,1430,658,261,0
1673061076,8,1,2104,312.00,1463,641,263,0
1673061077,8,1,2096,311.85,1416,680,262,0
1673061078,8,1,2088,312.00,1373,715,261,0
1673061079,8,1,2088,311.67,1449,639,261,0
1673061080,8,1,2104,311.40,1454,650,263,0
1673061081,8,1,2096,312.47,1423,673,262,0
1673061083,8,1,2096,312.00,1398,698,262,0
1673061084,8,1,2096,312.00,1422,674,262,0
1673061085,8,1,2096,312.00,1441,655,262,0
1673061086,8,1,2096,311.50,1455,641,262,0
1673061087,8,1,2096,311.84,1405,691,262,0
1673061088,8,1,2104,312.00,1414,690,263,0
1673061089,8,1,2096,311.18,1461,635,262,0
1673061090,8,1,2096,311.90,1462,634,262,0
1673061091,8,1,2096,311.74,1389,707,262,0
1673061092,8,1,2096,311.90,1394,702,262,0
1673061093,8,1,2096,312.00,1457,639,262,0
1673061094,8,1,2096,311.52,1439,657,262,0
1673061095,8,1,2104,309.53,1425,679,263,0
1673061096,8,1,2104,311.68,1404,700,263,0
1673061097,8,1,2088,312.08,1419,669,261,0
1673061098,8,1,2096,312.59,1441,655,262,0
1673061099,8,1,2096,312.01,1445,651,262,0
1673061100,8,1,2088,312.00,1403,685,261,0
1673061101,8,1,2096,312.00,1394,702,262,0
1673061102,8,1,2096,312.00,1459,637,262,0
1673061103,8,1,2104,312.00,1470,634,263,0
1673061104,8,1,2088,312.00,1421,667,261,0
1673061105,8,1,2096,312.00,1391,705,262,0
1673061106,8,1,2096,311.53,1451,645,262,0
1673061107,8,1,2088,311.78,1435,653,261,0
1673061108,8,1,2096,311.64,1431,665,262,0
1673061109,8,1,2096,312.23,1414,682,262,0
1673061110,8,1,2096,311.42,1411,685,262,0
1673061111,8,1,2096,312.00,1437,659,262,0
1673061112,8,1,2096,312.00,1458,638,262,0
1673061113,8,1,2096,311.91,1401,695,262,0
1673061114,8,1,2096,312.00,1398,698,262,0
1673061115,8,1,2104,312.03,1451,653,263,0
1673061116,8,1,2096,311.40,1454,642,262,0
1673061117,8,1,2096,312.00,1428,668,262,0
1673061118,8,1,2096,311.47,1386,710,262,0
1673061119,8,1,2088,311.15,1442,646,261,0
1673061120,8,1,2096,311.43,1456,640,262,0
1673061121,8,1,2096,312.00,1445,651,262,0
1673061122,8,1,2088,312.00,1419,669,261,0
1673061123,8,1,2096,312.00,1409,687,262,0
1673061124,8,1,2096,311.79,1458,638,262,0
1673061125,8,1,2096,311.59,1450,646,262,0
1673061126,8,1,2096,311.00,1418,678,262,0
1673061127,8,1,2096,311.54,1392,704,262,0
1673061128,8,1,2096,312.00,1457,639,262,0
1673061129,8,1,2096,311.72,1453,643,262,0
1673061130,8,1,2096,312.00,1419,677,262,0
1673061131,8,1,2104,312.00,1394,710,263,0
1673061132,8,1,2096,312.00,1448,648,262,0
1673061133,8,1,2088,311.55,1444,644,261,0
1673061134,8,1,2088,311.99,1445,643,261,0
1673061135,8,1,2104,312.25,1406,698,263,0
1673061136,8,1,2088,311.04,1434,654,261,0
1673061137,8,1,2096,311.95,1472,624,262,0
1673061138,8,1,2104,312.00,1467,637,263,0
1673061139,8,1,2096,312.00,1414,682,262,0
1673061140,8,1,2096,312.00,1395,701,262,0
1673061141,8,1,2096,312.00,1453,643,262,0
1673061142,8,1,2096,312.00,1463,633,262,0
1673061143,8,1,2088,311.99,1401,687,261,0
1673061144,8,1,2096,311.79,1404,692,262,0
1673061145,8,1,2096,310.90,1443,653,262,0
1673061146,8,1,2088,311.57,1488,600,261,0
1673061147,8,1,2096,312.10,1480,616,262,0
1673061148,8,1,2096,312.23,1418,678,262,0
1673061149,8,1,2096,311.45,1412,684,262,0
1673061150,8,1,2104,312.00,1470,634,263,0
1673061151,8,1,2088,311.36,1457,631,261,0
1673061152,8,1,2104,312.00,1440,664,263,0
1673061153,8,1,2096,311.73,1387,709,262,0
1673061154,8,1,2072,311.49,1431,641,259,0
1673061155,8,1,2120,312.00,1481,639,265,0
1673061156,8,1,2096,311.71,1438,658,262,0
1673061157,8,1,2088,312.00,1411,677,261,0
1673061158,8,1,2088,311.74,1428,660,261,0
1673061159,8,1,2136,311.82,1502,634,267,0
1673061160,8,1,2096,311.59,1456,640,262,0
1673061161,8,1,2120,312.00,1418,702,265,0
1673061162,8,1,2088,312.00,1435,653,261,0
1673061163,8,1,2112,311.79,1483,629,264,0
1673061164,8,1,2096,311.71,1451,645,262,0
1673061165,8,1,2088,312.00,1407,681,261,0
1673061166,8,1,2104,312.00,1438,666,263,0
1673061167,8,1,2096,312.00,1469,627,262,0
1673061168,8,1,2088,311.59,1460,628,261,0
1673061169,8,1,2096,312.00,1422,674,262,0
1673061170,8,1,2096,312.00,1403,693,262,0
1673061171,8,1,2072,312.00,1431,641,259,0
1673061172,8,1,2112,312.00,1484,628,264,0
1673061173,8,1,2104,312.02,1442,662,263,0
1673061174,8,1,2128,311.41,1429,699,266,0
1673061175,8,1,2104,312.00,1468,636,263,0
1673061176,8,1,2104,312.00,1489,615,263,0
1673061177,8,1,2096,312.00,1420,676,262,0
1673061178,8,1,2088,311.16,1415,673,261,0
1673061179,8,1,2096,312.00,1461,635,262,0
1673061180,8,1,2120,312.00,1446,674,265,0
1673061181,8,1,2096,312.00,1403,693,262,0
1673061182,8,1,2088,311.82,1406,682,261,0
1673061183,8,1,2104,311.28,1433,671,263,0
1673061184,8,1,2096,311.66,1455,641,262,0
1673061185,8,1,2088,312.00,1455,633,261,0
1673061186,8,1,2096,309.89,1416,680,262,0
1673061187,8,1,2096,304.68,1419,677,262,0
1673061188,8,1,2088,313.53,1434,654,261,0
1673061189,8,1,2088,314.39,1451,637,261,0
1673061190,8,1,1960,312.81,1309,643,245,1
1673061191,8,1,2096,312.98,1416,680,262,0
1673061192,8,1,2096,312.44,1436,660,262,0
1673061193,8,1,2096,313.00,1466,630,262,0
1673061194,8,1,2096,312.62,1445,651,262,0
1673061195,8,1,2104,312.00,1413,691,263,0
1673061196,8,1,2120,312.00,1465,655,265,0
1673061197,8,1,2088,312.00,1467,621,261,0
1673061198,8,1,2088,312.00,1459,629,261,0
1673061199,8,1,2096,311.92,1419,677,262,0
1673061200,8,1,2104,312.00,1456,648,263,0
1673061201,8,1,2088,312.00,1463,625,261,0
1673061202,8,1,2080,312.00,1473,607,260,0
1673061203,8,1,2104,312.00,1458,646,263,0
1673061204,8,1,2096,311.20,1407,689,262,0
1673061205,8,1,2096,311.57,1475,621,262,0
1673061206,8,1,2088,311.80,1451,637,261,0
1673061207,8,1,2096,311.96,1424,672,262,0
1673061208,8,1,2096,312.00,1392,704,262,0
1673061209,8,1,2096,312.00,1422,674,262,0
1673061210,8,1,2088,312.00,1438,650,261,0
1673061211,8,1,2096,312.00,1467,629,262,0
1673061212,8,1,2096,311.94,1414,682,262,0
1673061213,8,1,2088,311.69,1398,690,261,0
1673061214,8,1,2096,311.75,1472,624,262,0
1673061215,8,1,2096,312.00,1458,638,262,0
1673061216,8,1,2088,311.72,1418,670,261,0
1673061217,8,1,2096,312.00,1403,693,262,0
1673061218,8,1,2096,312.00,1423,673,262,0
1673061219,8,1,2096,312.00,1443,653,262,0
1673061220,8,1,2096,312.00,1447,649,262,0
1673061221,8,1,2096,312.00,1395,701,262,0
1673061222,8,1,2096,311.04,1413,683,262,0
1673061223,8,1,2088,311.81,1449,639,261,0
1673061224,8,1,2104,312.00,1478,626,263,0
1673061225,8,1,2096,312.00,1409,687,262,0
1673061226,8,1,2096,312.00,1391,705,262,0
1673061227,8,1,2096,311.68,1448,648,262,0
1673061228,8,1,2088,312.00,1428,660,261,0
1673061229,8,1,2096,311.87,1403,693,262,0
1673061230,8,1,2096,312.00,1401,695,262,0
1673061231,8,1,2088,311.31,1397,691,261,0
1673061232,8,1,2096,311.83,1452,644,262,0
1673061233,8,1,2096,312.00,1448,648,262,0
1673061234,8,1,2096,312.00,1417,679,262,0
1673061235,8,1,2088,312.00,1389,699,261,0
1673061236,8,1,2096,311.45,1451,645,262,0
1673061237,8,1,2096,311.08,1454,642,262,0
1673061238,8,1,2096,312.00,1427,669,262,0
1673061239,8,1,2088,312.00,1399,689,261,0
1673061240,8,1,2104,310.91,1434,670,263,0
1673061241,8,1,2088,310.44,1442,646,261,0
1673061242,8,1,2096,311.84,1458,638,262,0
1673061243,8,1,2096,312.31,1401,695,262,0
1673061244,8,1,2096,312.00,1388,708,262,0
1673061245,8,1,2088,312.00,1440,648,261,0
1673061246,8,1,2104,312.13,1448,656,263,0
1673061247,8,1,2088,311.26,1407,681,261,0
1673061248,8,1,2104,311.35,1410,694,263,0
1673061249,8,1,2096,312.00,1459,637,262,0
1673061250,8,1,2088,312.00,1457,631,261,0
1673061251,8,1,2096,312.00,1452,644,262,0
1673061252,8,1,2096,312.00,1408,688,262,0
1673061253,8,1,2088,312.00,1418,670,261,0
1673061254,8,1,2096,311.15,1457,639,262,0
1673061255,8,1,2096,311.89,1466,630,262,0
1673061256,8,1,2096,312.00,1416,680,262,0
1673061257,8,1,2096,312.00,1401,695,262,0
1673061258,8,1,2096,312.00,1476,620,262,0
1673061259,8,1,2096,312.00,1443,653,262,0
1673061260,8,1,2088,311.65,1417,671,261,0
1673061261,8,1,2080,311.77,1386,694,260,0
1673061262,8,1,2112,311.66,1419,693,264,0
1673061263,8,1,2112,312.00,1461,651,264,0
1673061264,8,1,2080,311.37,1430,650,260,0
1673061265,8,1,2072,312.00,1391,681,259,0
1673061266,8,1,2144,311.66,1418,726,268,0
1673061267,8,1,2088,311.49,1440,648,261,0
1673061268,8,1,2096,312.00,1453,643,262,0
1673061269,8,1,2096,312.00,1421,675,262,0
1673061270,8,1,2088,312.00,1383,705,261,0
1673061271,8,1,2128,312.00,1474,654,266,0
1673061272,8,1,2088,311.73,1449,639,261,0
1673061273,8,1,2096,311.99,1436,660,262,0
1673061274,8,1,2136,311.13,1431,705,267,0
1673061275,8,1,2096,311.88,1467,629,262,0
1673061277,8,1,2080,312.00,1453,627,260,0
1673061278,8,1,2120,312.00,1445,675,265,0
1673061279,8,1,2088,312.00,1402,686,261,0
1673061280,8,1,2080,312.00,1445,635,260,0
1673061281,8,1,2136,311.68,1478,658,267,0
1673061282,8,1,2088,311.16,1376,712,261,0
1673061283,8,1,2104,312.10,1373,731,263,0
1673061284,8,1,2088,311.37,1442,646,261,0
1673061285,8,1,2096,312.00,1473,623,262,0
1673061286,8,1,2096,312.00,1450,646,262,0
1673061287,8,1,2096,311.57,1398,698,262,0
1673061288,8,1,2096,311.85,1434,662,262,0
1673061289,8,1,2096,312.00,1469,627,262,0
1673061290,8,1,2088,311.69,1461,627,261,0
1673061291,8,1,2096,312.00,1412,684,262,0
1673061292,8,1,2096,311.89,1392,704,262,0
1673061293,8,1,2096,311.96,1452,644,262,0
1673061294,8,1,2096,311.77,1463,633,262,0
1673061295,8,1,2096,312.00,1434,662,262,0
1673061296,8,1,2096,311.96,1416,680,262,0
1673061297,8,1,2096,311.93,1446,650,262,0
1673061298,8,1,2096,311.41,1448,648,262,0
1673061299,8,1,2096,311.00,1446,650,262,0
1673061300,8,1,2096,311.74,1397,699,262,0
1673061301,8,1,2096,312.00,1419,677,262,0
1673061302,8,1,2088,311.75,1439,649,261,0
1673061303,8,1,2104,311.59,1466,638,263,0
1673061304,8,1,2088,312.00,1408,680,261,0
1673061305,8,1,2096,312.00,1398,698,262,0
1673061306,8,1,2088,312.00,1435,653,261,0
1673061307,8,1,2096,312.00,1463,633,262,0
1673061308,8,1,2096,312.00,1448,648,262,0
1673061309,8,1,2096,311.70,1415,681,262,0
1673061310,8,1,2096,312.00,1415,681,262,0
1673061311,8,1,2104,312.00,1463,641,263,0
1673061312,8,1,2080,311.95,1433,647,260,0
1673061313,8,1,2112,311.81,1374,730,264,1
1673061314,8,1,2128,311.99,1441,687,266,0
1673061315,8,1,2096,311.00,1428,668,262,0
1673061316,8,1,2096,311.00,1414,682,262,0
1673061317,8,1,2088,311.81,1399,689,261,0
1673061318,8,1,2096,312.00,1416,680,262,0
1673061319,8,1,2096,312.00,1457,639,262,0
1673061320,8,1,2096,312.00,1456,640,262,0
1673061321,8,1,2096,312.00,1418,678,262,0
1673061322,8,1,2104,312.00,1390,714,263,0
1673061323,8,1,2096,312.00,1438,658,262,0
1673061324,8,1,2088,312.00,1460,628,261,0
1673061325,8,1,2096,311.32,1421,675,262,0
1673061326,8,1,2104,312.00,1414,690,263,0
1673061327,8,1,2088,312.00,1422,666,261,0
1673061328,8,1,2096,312.00,1460,636,262,0
1673061329,8,1,2088,311.63,1439,649,261,0
1673061330,8,1,2096,311.50,1402,694,262,0
1673061331,8,1,2096,311.95,1419,677,262,0
1673061332,8,1,2096,311.55,1452,644,262,0
1673061333,8,1,2096,312.00,1454,642,262,0
1673061334,8,1,2104,311.38,1424,680,263,0
1673061335,8,1,2088,312.00,1370,718,261,0
1673061336,8,1,2072,311.94,1410,662,259,0
1673061337,8,1,2144,311.55,1503,641,268,0
1673061338,8,1,2120,311.31,1429,691,265,0
1673061339,8,1,2088,312.00,1391,697,261,0
1673061340,8,1,2120,312.00,1459,661,265,0
